Number,Ridden Date,Line,Car Type
4225,11/3/2024 2:27pm,C,R211A
9234,11/4/2024 8:41pm,G,R160
1728,11/4/2024 9:17pm,6,R62A
8849,11/4/2024 9:35pm,F,R160
4256,11/4/2024 9:37pm,C,R211A
4159,11/9/2024 9:29am,A,R211A
6609,11/9/2024 9:49am,2,R142
1523,11/9/2024 10:50am,3,R62
6156,11/9/2024 11:32am,A,R46
9850,11/10/2024 2:03pm,F,R160
6157,11/10/2024 2:20pm,A,R46
9106,11/10/2024 6:34pm,F,R160
1756,11/10/2024 6:40pm,6,R62A
6026,11/10/2024 8:50pm,A,R46
3186,11/13/2024 10:10pm,C,R179
8955,11/13/2024 10:12pm,F,R160
8957,11/14/2024 1:41am,F,R160
4152,11/14/2024 1:50am,A,R211A
4059,11/14/2024 11:55am,C,R211T
4372,11/14/2024 3:36pm,A,R211A
6228,11/14/2024 4:03pm,C,R46
1376,11/14/2024 8:41pm,3,R62
4357,11/16/2024 9:01am,A,R211A
2924,11/16/2024 9:09am,S,R68
1387,11/16/2024 9:22am,3,R62
6713,11/16/2024 10:01am,2,R142
6122,11/16/2024 10:20am,A,R46
4205,11/16/2024 11:19am,A,R211A
4244,11/17/2024 1:18pm,A,R211A
9830,11/17/2024 1:34pm,R,R160
4211,11/17/2024 4:22pm,A,R211A
5900,11/17/2024 6:50pm,A,R46
9440,11/17/2024 7:08pm,F,R160
6029,11/22/2024 9:02am,A,R46
3148,11/22/2024 9:27am,C,R179
6155,11/23/2024 11:52am,C,R46
5902,11/23/2024 2:12pm,C,R46
6069,11/24/2024 11:15am,A,R46
4142,11/24/2024 11:53am,C,R211A
6875,11/24/2024 12:47pm,5,R142
1972,11/24/2024 2:14pm,6,R62A
9486,11/24/2024 2:22pm,F,R160
3228,11/24/2024 2:34pm,C,R179
3163,11/26/2024 1:21pm,C,R179
5969,11/26/2024 2:02pm,C,R46
3150,11/28/2024 9:38am,C,R179
2924,11/28/2024 9:44am,S,R68
1394,11/28/2024 9:54am,3,R62
2786,11/28/2024 10:16am,Q,R68
2923,11/28/2024 10:22am,S,R68
1534,11/30/2024 6:20pm,3,R62
1400,11/30/2024 7:43pm,3,R62
2734,11/30/2024 7:49pm,D,R68
8712,11/30/2024 8:35pm,R,R160
9806,11/30/2024 11:19pm,R,R160
4241,11/30/2024 11:46pm,A,R211A
6126,12/1/2024 9:17am,C,R46
2918,12/1/2024 9:20am,S,R68
2920,12/1/2024 10:07am,S,R68
3149,12/1/2024 10:19am,C,R179
3218,12/4/2024 6:27pm,C,R179
3152,12/4/2024 7:17pm,C,R179
3218,12/7/2024 9:16am,C,R179
5657,12/7/2024 9:36am,Q,R46
5824,12/7/2024 10:16am,Q,R46
6644,12/7/2024 10:41am,2,R142
2922,12/7/2024 10:51am,S,R68
3218,12/12/2024 8:27pm,C,R179
9788,12/12/2024 11:15pm,F,R160
5993,12/12/2024 11:29pm,A,R46
3210,12/13/2024 9:36pm,C,R179
3215,12/13/2024 10:21pm,C,R179
6163,12/14/2024 9:37am,C,R46
4150,12/14/2024 1:40pm,A,R211A
2170,12/14/2024 1:57pm,D,R62A
3180,12/14/2024 4:04pm,C,R179
4134,12/17/2024 9:24pm,C,R211A
4165,12/20/2024 5:59pm,A,R211A
9058,12/20/2024 6:04pm,G,R160
9584,12/20/2024 6:26pm,F,R160
5966,12/20/2024 7:02pm,A,R46
6065,12/20/2024 7:15pm,C,R46
9267,12/21/2024 10:34am,G,R160
5887,12/21/2024 10:39am,A,R46
3233,12/21/2024 10:56am,C,R179
4229,12/23/2024 11:11am,C,R211A
8976,12/23/2024 11:31am,R,R160
9265,12/23/2024 12:40pm,G,R160
9263,12/23/2024 1:08pm,G,R160
4342,12/23/2024 1:20pm,C,R211A
2898,12/23/2024 3:31pm,N,R68
2560,12/23/2024 3:53pm,D,R68
4110,12/24/2024 7:33am,C,R211A
7692,12/24/2024 7:58am,4,R142A
5033,12/24/2024 2:44pm,B,R68A
4123,12/24/2024 2:59pm,A,R211A
1192,12/27/2024 6:28pm,4,R142
4131,12/27/2024 9:55pm,A,R211A
6351,12/28/2024 10:59am,2,R142
2231,12/28/2024 11:21am,1,R62A
9874,12/28/2024 12:05pm,F,R160
6199,12/28/2024 12:23pm,C,R46
7179,12/29/2024 10:46am,4,R142
9880,12/29/2024 12:36pm,E,R160
3035,12/29/2024 12:52pm,A,R179
3237,12/29/2024 1:12pm,C,R179
5944,12/30/2024 9:20am,C,R46
7705,12/30/2024 10:22am,4,R142A
4345,12/31/2024 2:05pm,C,R211A
4242,12/31/2024 4:40pm,A,R211A
3173,12/31/2024 4:51pm,C,R179
2923,1/3/2025 11:46am,S,R68
2922,1/3/2025 12:26pm,S,R68
3227,1/3/2025 12:43pm,C,R179
4246,1/4/2025 9:28am,A,R211A
2920,1/4/2025 9:40am,S,R68
4341,1/4/2025 10:39am,A,R211A
6155,1/5/2025 8:05pm,A,R46
8233,1/5/2025 8:37pm,L,R143
8233,1/5/2025 8:38pm,L,R143
7796,1/5/2025 10:49pm,4,R142A
4397,1/5/2025 11:06pm,A,R211A
4078,1/11/2025 2:00pm,A,R211A
9832,1/11/2025 2:20pm,R,R160
9249,1/11/2025 4:27pm,E,R160
4344,1/11/2025 4:40pm,A,R211A
4343,1/11/2025 9:38pm,A,R211A
4156,1/12/2025 1:07am,A,R211A
4315,1/12/2025 3:22pm,A,R211A
6578,1/12/2025 3:47pm,2,R142
6578,1/12/2025 3:50pm,2,R142
8695,1/12/2025 5:52pm,E,R160
8695,1/12/2025 5:53pm,E,R160
6030,1/12/2025 6:03pm,A,R46
4080,1/12/2025 7:43pm,A,R211A
4213,1/12/2025 9:59pm,A,R211A
4255,1/13/2025 3:26pm,C,R211A
4206,1/13/2025 6:32pm,A,R211A
4230,1/13/2025 6:55pm,C,R211A
4120,1/16/2025 12:25am,A,R211A
4133,1/16/2025 12:45am,A,R211A
4211,1/16/2025 6:07pm,A,R211A
5128,1/16/2025 6:27pm,G,R68A
4110,1/16/2025 7:46pm,A,R211A
3224,1/17/2025 6:43pm,C,R179
8257,1/17/2025 10:13pm,L,R143
4318,1/17/2025 10:27pm,C,R211A
3146,1/18/2025 9:38am,C,R179
4104,1/18/2025 12:34pm,A,R211A
4109,1/18/2025 5:13pm,C,R211A
2917,1/18/2025 5:20pm,S,R68
6465,1/18/2025 5:32pm,2,R142
1578,1/18/2025 6:03pm,3,R62
2923,1/18/2025 6:04pm,S,R68
3155,1/18/2025 6:27pm,C,R179
3146,1/19/2025 9:25am,C,R179
4252,1/19/2025 10:13am,A,R211A
3192,1/19/2025 10:29am,C,R179
1483,1/19/2025 7:06pm,3,R62
3206,1/20/2025 9:36am,C,R179
2746,1/20/2025 10:04am,D,R68
2562,1/20/2025 10:09am,D,R68
2115,1/20/2025 10:26am,6,R62A
1243,1/20/2025 5:53pm,4,R142
6035,1/20/2025 6:09pm,A,R46
3155,1/20/2025 6:26pm,C,R179
4279,1/20/2025 7:37pm,C,R211A
3146,1/24/2025 8:17pm,C,R179
8131,1/24/2025 8:50pm,L,R143
8607,1/24/2025 9:08pm,J,R160
9654,1/24/2025 11:29pm,F,R160
6035,1/24/2025 11:35pm,A,R46
3165,1/25/2025 1:24pm,A,R179
3226,1/25/2025 1:51pm,C,R179
6118,1/26/2025 1:37pm,C,R46
8257,1/26/2025 4:58pm,J,R143
3232,1/26/2025 5:19pm,C,R179
4302,1/30/2025 8:30pm,C,R211A
3229,1/30/2025 9:19pm,C,R179
2917,2/1/2025 10:09am,S,R68
6400,2/1/2025 10:18am,2,R142
1549,2/1/2025 12:44pm,3,R62
2916,2/1/2025 12:47pm,S,R68
3229,2/1/2025 12:56pm,C,R179
4331,2/1/2025 2:21pm,A,R211A
9254,2/1/2025 2:34pm,F,R160
9923,2/1/2025 5:09pm,F,R160
4394,2/1/2025 5:21pm,A,R211A
4203,2/2/2025 6:17pm,A,R211A
3209,2/2/2025 9:39pm,C,R179
2917,2/3/2025 7:11pm,S,R68
6883,2/3/2025 7:21pm,2,R142
6537,2/3/2025 8:03pm,2,R142
2923,2/3/2025 8:14pm,S,R68
3182,2/4/2025 6:19pm,C,R179
2917,2/4/2025 6:29pm,S,R68
1378,2/4/2025 6:37pm,3,R62
6518,2/4/2025 7:40pm,2,R142
2917,2/4/2025 7:45pm,S,R68
4322,2/4/2025 7:57pm,C,R211A
3210,2/5/2025 6:45pm,C,R179
4368,2/8/2025 10:48am,C,R211A
2920,2/8/2025 10:58am,S,R68
6634,2/8/2025 11:20am,2,R142
1585,2/8/2025 12:36pm,3,R62
2914,2/8/2025 12:43pm,S,R68
4258,2/8/2025 12:52pm,C,R211A
3152,2/12/2025 7:44am,C,R179
6003,2/12/2025 8:46am,C,R46
3193,2/12/2025 6:56pm,C,R179
3157,2/12/2025 7:37pm,C,R179
3153,2/13/2025 8:07am,C,R179
4487,2/13/2025 12:24pm,A,R211A
4095,2/15/2025 7:28pm,C,R211A
8182,2/15/2025 7:41pm,L,R143
8117,2/15/2025 9:52pm,L,R143
4249,2/15/2025 10:05pm,C,R211A
4211,2/16/2025 1:14pm,C,R211A
9851,2/16/2025 1:24pm,F,R160
9482,2/16/2025 3:53pm,F,R160
4260,2/16/2025 4:00pm,A,R211A
3225,2/21/2025 9:07pm,C,R179
9424,2/21/2025 9:19pm,F,R160
3242,2/22/2025 12:06am,F,R179
4174,2/22/2025 12:16am,A,R211A
4094,2/22/2025 8:29am,C,R211A
6483,2/22/2025 9:01am,2,R142
5712,2/22/2025 10:15am,Q,R46
4302,2/22/2025 10:40am,C,R211A
3163,2/23/2025 9:24am,C,R179
2919,2/23/2025 9:29am,S,R68
6711,2/23/2025 9:38am,2,R142
6323,2/23/2025 11:55am,2,R142
4260,2/23/2025 1:26pm,A,R211A
2920,3/1/2025 9:48am,S,R68
6317,3/1/2025 10:20am,2,R142
6629,3/1/2025 12:39pm,2,R142
4410,3/1/2025 7:51pm,A,R211A
3236,3/1/2025 10:45pm,C,R179
4254,3/8/2025 7:37am,C,R211A
2920,3/8/2025 7:47am,S,R68
1593,3/8/2025 8:00am,3,R62
6404,3/8/2025 8:44am,2,R142
2917,3/8/2025 8:54am,S,R68
3213,3/8/2025 9:00am,C,R179
5992,3/8/2025 11:11am,C,R46
8321,3/8/2025 11:40am,L,R160
7172,3/8/2025 12:16pm,4,R142
4264,3/8/2025 12:34pm,A,R211A
4263,3/8/2025 5:13pm,A,R211A
7162,3/8/2025 5:31pm,4,R142
5543,3/8/2025 6:13pm,N,R46
7087,3/8/2025 6:18pm,5,R142
4186,3/8/2025 6:28pm,A,R211A
4163,3/14/2025 8:09am,C,R211A
4123,3/14/2025 1:46pm,A,R211A
3226,3/14/2025 2:09pm,C,R179
4345,3/15/2025 9:49am,C,R211A
2916,3/15/2025 9:58am,S,R68
6392,3/15/2025 10:07am,2,R142
1410,3/15/2025 1:14pm,3,R62
2918,3/15/2025 1:23pm,S,R68
4376,3/15/2025 1:34pm,C,R211A
3318,3/15/2025 7:06pm,A,R179
3186,3/15/2025 10:07pm,C,R179
4410,3/16/2025 9:26am,A,R211A
8532,3/16/2025 10:36am,J,R160
4254,3/16/2025 9:06pm,C,R211A
4094,3/16/2025 9:15pm,A,R211A
8772,3/17/2025 12:39am,F,R160
5983,3/17/2025 1:00am,A,R46
4280,3/17/2025 12:40pm,C,R211A
4340,3/19/2025 8:09pm,A,R211A
6053,3/19/2025 11:28pm,A,R46
2916,3/22/2025 8:59am,S,R68
6434,3/22/2025 9:19am,2,R142
6593,3/22/2025 10:41am,2,R142
1503,3/22/2025 12:16pm,3,R62
3049,3/22/2025 7:16pm,A,R179
9605,3/22/2025 7:24pm,F,R160
2061,3/22/2025 7:50pm,6,R62A
8174,3/22/2025 11:14pm,L,R143
4154,3/22/2025 11:31pm,A,R211A
3170,3/25/2025 8:27pm,C,R179
4327,3/25/2025 9:01pm,C,R211A
3211,3/28/2025 8:20pm,C,R179
4163,3/28/2025 11:56pm,A,R211A
4159,3/29/2025 10:13am,C,R211A
8700,3/29/2025 10:09pm,F,R160
4203,3/29/2025 10:18pm,C,R211A
4450,4/3/2025 7:36pm,C,R211A
5959,4/3/2025 8:31pm,A,R46
4345,4/4/2025 5:53pm,C,R211A
3120,4/4/2025 10:00pm,C,R179
4074,4/5/2025 8:43am,A,R211A
5889,4/5/2025 9:10am,Q,R46
1503,4/5/2025 10:24am,3,R62
6163,4/5/2025 10:54am,C,R46
4185,4/5/2025 8:31pm,C,R211A
4400,4/6/2025 8:51pm,C,R211A
9117,4/6/2025 9:00pm,F,R160
9432,4/6/2025 11:53pm,F,R160
4196,4/7/2025 12:06am,A,R211A
3174,4/11/2025 6:56pm,C,R179
4394,4/11/2025 10:10pm,C,R211A
4246,4/12/2025 9:23am,C,R211A
2924,4/12/2025 9:36am,S,R68
1409,4/12/2025 9:41am,3,R62
3211,4/12/2025 11:00am,C,R179
3211,4/12/2025 11:49am,C,R179
3014,4/12/2025 2:57pm,A,R179
3145,4/13/2025 8:49pm,C,R179
4287,4/14/2025 12:08am,A,R211A
4280,4/14/2025 2:11pm,C,R211A
4268,4/14/2025 6:47pm,A,R211A
4300,4/20/2025 11:49am,C,R211A
3402,4/20/2025 12:35pm,A,R211A
4339,4/20/2025 12:49pm,C,R211A
3210,4/21/2025 7:47pm,C,R179
3299,4/21/2025 10:32pm,A,R179
4465,4/24/2025 5:55pm,C,R211A
3154,4/27/2025 8:10pm,C,R179
8342,4/27/2025 8:37pm,L,R160
8359,4/27/2025 11:43pm,L,R160
4111,4/27/2025 11:55pm,A,R211A
4361,4/29/2025 6:31pm,A,R211A
2510,4/29/2025 6:52pm,D,R68
8835,4/29/2025 8:34pm,C,R160
4326,5/3/2025 8:08am,A,R211A
4185,5/5/2025 9:54pm,C,R211A
3046,5/6/2025 1:07am,A,R179
3173,5/9/2025 7:33am,C,R179
3019,5/9/2025 6:55pm,A,R179
8903,5/9/2025 7:00pm,F,R160
9571,5/9/2025 9:38pm,F,R160
4166,5/9/2025 9:46pm,C,R211A
4478,5/10/2025 8:04am,A,R211A
4426,5/10/2025 10:01am,A,R211A
3106,5/10/2025 4:48pm,C,R179
3060,5/10/2025 6:51pm,C,R179
3166,5/10/2025 7:35pm,C,R179
4385,5/11/2025 12:00pm,C,R211A
4249,5/14/2025 11:49am,C,R211A
4381,5/14/2025 4:00pm,C,R211A
8803,5/17/2025 8:36pm,F,R160
3230,5/17/2025 8:36pm,C,R179
9207,5/17/2025 11:16pm,F,R160
3320,5/17/2025 11:35pm,A,R179
4270,5/26/2025 9:43am,A,R211A
9850,5/26/2025 10:11am,R,R160
3408,5/26/2025 11:00am,C,R211A
4239,5/26/2025 8:13pm,C,R211A
9492,5/26/2025 8:24pm,F,R160
9043,5/27/2025 12:23am,D,R160
4436,5/27/2025 12:31am,A,R211A
2920,5/31/2025 8:34am,S,R68
1361,5/31/2025 8:37am,3,R62
7603,5/31/2025 9:16am,4,R142A
4336,5/31/2025 9:59am,C,R211A
3519,5/31/2025 6:35pm,A,R211A
3518,6/1/2025 12:23am,A,R211A
3152,6/1/2025 5:07pm,C,R179
7326,6/12/2025 8:24pm,7,R188
5609,6/12/2025 8:40pm,G,R46
4069,6/13/2025 8:14am,C,R211A
4217,6/13/2025 1:33pm,A,R211A
3501,6/13/2025 1:50pm,C,R211A
4079,6/14/2025 9:42am,A,R211A
4493,6/14/2025 11:28am,C,R211A
3240,6/15/2025 9:51am,A,R179
1482,6/15/2025 10:11am,3,R62
6335,6/15/2025 10:42am,2,R142
3402,6/15/2025 3:09pm,A,R211A
3188,6/15/2025 7:02pm,C,R179
4100,6/15/2025 10:14pm,A,R211A
3174,6/18/2025 8:18pm,C,R179
3123,6/18/2025 9:17pm,C,R179
3405,6/19/2025 8:49am,C,R211A
3209,6/19/2025 9:22am,C,R179
4224,6/19/2025 6:21pm,A,R211A
4366,6/19/2025 7:26pm,A,R211A
3134,6/20/2025 8:45pm,C,R179
3049,6/20/2025 11:59pm,A,R179
4432,6/22/2025 9:25am,A,R211A
6162,6/22/2025 9:45am,S,R46
3028,6/22/2025 7:08pm,S,R179
4186,6/22/2025 7:26pm,A,R211A
4411,6/23/2025 8:48pm,C,R211A
9437,6/23/2025 9:08pm,F,R160
9471,6/23/2025 11:54pm,F,R160
3035,6/24/2025 12:03am,A,R179
3134,6/25/2025 2:04pm,C,R179
2917,6/25/2025 2:09pm,S,R68
4330,6/26/2025 8:39pm,A,R211A
8488,6/27/2025 12:40am,J,R160
4090,6/27/2025 1:14am,A,R211A
3034,6/27/2025 9:55pm,A,R179
8130,6/27/2025 10:20pm,L,R143
8338,6/27/2025 10:36pm,L,R160
3415,6/28/2025 2:02am,G,R211A
4264,6/28/2025 2:26am,A,R211A
4206,6/28/2025 9:31am,A,R211A
3036,6/28/2025 10:31am,A,R179
4456,6/28/2025 10:48am,C,R211A
4145,6/29/2025 12:41pm,A,R211A
6164,6/29/2025 6:24pm,S,R46
4454,6/29/2025 6:41pm,A,R211A
4298,6/29/2025 7:12pm,C,R211A
4388,7/2/2025 7:32pm,A,R211A
9718,7/2/2025 8:45pm,E,R160
4184,7/2/2025 8:46pm,A,R211A
4073,7/4/2025 8:20pm,C,R211A
8353,7/4/2025 8:30pm,L,R160
8319,7/4/2025 11:30pm,L,R160
4341,7/4/2025 11:53pm,A,R211A
3238,7/5/2025 12:15am,A,R179
3406,7/5/2025 9:52am,C,R211A
4159,7/5/2025 10:00am,A,R211A
3019,7/5/2025 10:31am,S,R179
3503,7/5/2025 12:24pm,A,R211A
4080,7/5/2025 12:36pm,C,R211A
4434,7/8/2025 8:47pm,C,R211A
9670,7/8/2025 9:04pm,F,R160
8752,7/9/2025 12:17am,F,R160
4268,7/9/2025 12:43am,A,R211A
3019,7/12/2025 3:12pm,C,R179
2920,7/12/2025 3:27pm,S,R68
2921,7/12/2025 4:19pm,S,R68
3168,7/12/2025 4:34pm,C,R179
3182,7/12/2025 7:29pm,C,R179
8978,7/12/2025 7:40pm,R,R160
4183,7/12/2025 10:21pm,C,R211A
3237,7/14/2025 7:54am,C,R179
3281,7/14/2025 12:32pm,A,R179
4228,7/15/2025 4:14pm,A,R211A
7683,7/15/2025 4:27pm,4,R142A
7061,7/15/2025 5:11pm,5,R142
3307,7/15/2025 8:19pm,A,R179
5057,7/15/2025 8:20pm,Q,R68A
5057,7/15/2025 8:32pm,Q,R68A
1989,7/15/2025 9:41pm,6,R62A
1160,7/16/2025 12:29am,4,R142
3280,7/16/2025 12:51am,A,R179
4265,7/16/2025 8:25am,C,R211A
9399,7/16/2025 10:22am,F,R160
1663,7/16/2025 10:30am,6,R62A
3169,7/16/2025 1:15pm,C,R179
4189,7/16/2025 2:09pm,C,R211A
1158,7/16/2025 2:31pm,4,R142
6657,7/16/2025 2:50pm,5,R142
4298,7/16/2025 3:04pm,C,R211A
4489,7/19/2025 10:12am,S,R211A
4163,7/19/2025 10:25am,A,R211A
3227,7/19/2025 8:26pm,C,R179
5797,7/19/2025 9:02pm,Q,R46
9090,7/19/2025 9:10pm,F,R160
8843,7/20/2025 12:37am,F,R160
4413,7/20/2025 12:49am,A,R211A
3404,7/21/2025 9:41pm,C,R211A
3186,7/21/2025 10:21pm,C,R179
3269,7/24/2025 6:55pm,A,R179
4422,7/24/2025 10:39pm,C,R211A
3154,7/25/2025 6:41pm,C,R179
9278,7/25/2025 6:50pm,F,R160
5162,7/25/2025 7:24pm,B,R68A
1539,7/25/2025 8:04pm,3,R62
7682,7/26/2025 6:45am,4,R142A
4492,7/29/2025 8:33pm,C,R211A
6543,7/29/2025 8:52pm,5,R142
7145,7/29/2025 11:31pm,4,R142
3239,7/29/2025 11:53pm,A,R179
2927,7/30/2025 8:07am,S,Unknown
1502,7/30/2025 8:19am,3,R62
6484,7/30/2025 9:03am,2,R142
3169,7/30/2025 9:12am,C,R179
4180,8/5/2025 7:30pm,A,R211A
3278,8/5/2025 10:23pm,A,R179
4389,8/9/2025 1:15pm,C,R211A
3188,8/9/2025 4:53pm,C,R179
2917,8/9/2025 8:18pm,S,R68
2916,8/9/2025 11:27pm,S,R68
3040,8/10/2025 1:05pm,A,R179
4400,8/10/2025 5:44pm,A,R211A
4461,8/10/2025 6:34pm,C,R211A
4164,8/10/2025 7:14pm,C,R211A
4499,8/14/2025 7:25pm,C,R211A
9687,8/14/2025 7:35pm,F,R160
9687,8/14/2025 10:03pm,F,R160
4377,8/14/2025 10:15pm,A,R211A
3165,8/20/2025 6:52pm,C,R179
3151,8/20/2025 7:24pm,C,R179
3192,8/22/2025 6:19pm,C,R179
4419,8/22/2025 9:04pm,C,R211A
3158,8/24/2025 7:42am,C,R179
9347,8/24/2025 8:36am,E,R160
2699,8/24/2025 8:49am,D,R68
2547,8/24/2025 12:23pm,D,R68
4354,8/24/2025 12:54pm,A,R211A
4481,8/24/2025 1:48pm,A,R211A
4497,8/25/2025 11:32pm,A,R211A
4157,8/26/2025 12:10am,A,R211A
4175,8/29/2025 4:34pm,A,R211A
9940,8/29/2025 4:42pm,R,R160
9207,8/29/2025 6:25pm,R,R160
3180,8/29/2025 7:01pm,C,R179
3185,8/30/2025 6:36pm,C,R179
4365,8/30/2025 10:22pm,C,R211A
4152,8/31/2025 9:26am,A,R211A
6946,8/31/2025 12:07pm,5,R142
3203,8/31/2025 12:16pm,C,R179
4318,8/31/2025 4:02pm,C,R211A
7668,8/31/2025 4:18pm,4,R142A
7762,8/31/2025 5:46pm,4,R142A
3406,8/31/2025 6:05pm,A,R211A
3024,9/1/2025 3:00pm,A,R179
3020,9/1/2025 4:48pm,A,R179
7163,9/1/2025 5:06pm,4,R142
1179,9/1/2025 6:42pm,4,R142
3324,9/1/2025 6:47pm,A,R179
4264,9/2/2025 10:15am,A,R211A
7774,9/2/2025 10:28am,4,R142A
7165,9/2/2025 11:47am,4,R142
4357,9/2/2025 11:51am,A,R211A
3195,9/2/2025 4:25pm,C,R179
7738,9/2/2025 4:41pm,4,R142A
4328,9/2/2025 6:28pm,A,R211A
4394,9/3/2025 5:01pm,A,R211A
3439,9/3/2025 5:07pm,G,R211A
7535,9/3/2025 5:35pm,7,R188
5816,9/3/2025 6:51pm,N,R46
8961,9/3/2025 7:43pm,F,R160
3326,9/3/2025 8:00pm,A,R179
4255,9/4/2025 8:04am,A,R211A
3501,9/4/2025 9:48am,A,R211A
3021,9/5/2025 5:49pm,A,R179
4226,9/5/2025 9:20pm,C,R211A
4451,9/6/2025 4:24pm,A,R211A
3570,9/6/2025 4:28pm,G,R211A
6447,9/6/2025 5:34pm,2,R142
2916,9/6/2025 5:44pm,S,R68
4353,9/6/2025 6:00pm,C,R211A
4230,9/7/2025 9:52am,C,R211A
3316,9/7/2025 10:06am,A,R179
6065,9/7/2025 10:43am,S,R46
5929,9/7/2025 1:47pm,S,R46
4123,9/7/2025 2:01pm,A,R211A
3160,9/7/2025 2:30pm,C,R179
3515,9/7/2025 4:50pm,C,R211A
4053,9/7/2025 4:58pm,G,R211T
6423,9/7/2025 7:46pm,2,R142
2924,9/7/2025 7:52pm,S,R68
4093,9/7/2025 8:05pm,C,R211A
4312,9/8/2025 7:48am,A,R211A
4464,9/8/2025 10:15am,A,R211A
3179,9/8/2025 12:34pm,C,R179
7748,9/8/2025 12:50pm,4,R142A
4276,9/8/2025 4:07pm,A,R211A
3201,9/8/2025 4:19pm,C,R179
3403,9/10/2025 9:54am,A,R211A
4296,9/10/2025 10:51am,C,R211A
4445,9/10/2025 5:35pm,A,R211A
3193,9/11/2025 6:55pm,C,R179
9328,9/11/2025 7:55pm,F,R160
4095,9/11/2025 9:00pm,C,R211A
3230,9/12/2025 6:56am,C,R179
8547,9/12/2025 7:12am,J,R160
3185,9/12/2025 12:43pm,C,R179
1815,9/12/2025 1:34pm,6,R62A
8258,9/12/2025 1:46pm,L,R143
7275,9/12/2025 3:55pm,7,R188
2283,9/12/2025 4:01pm,1,R62A
4291,9/12/2025 5:51pm,A,R211A
2896,9/12/2025 8:56pm,B,R68
6695,9/12/2025 9:02pm,2,R142
4271,9/12/2025 10:24pm,C,R211A
4233,9/13/2025 1:04pm,A,R211A
1228,9/13/2025 4:12pm,4,R142
5865,9/13/2025 5:07pm,Q,R46
4261,9/13/2025 5:30pm,C,R211A
4425,9/13/2025 6:23pm,C,R211A
9598,9/13/2025 6:37pm,F,R160
8672,9/13/2025 8:13pm,F,R160
4196,9/13/2025 9:10pm,A,R211A
4353,9/14/2025 8:11am,A,R211A
5516,9/14/2025 8:45am,Q,R46
5896,9/14/2025 9:51am,Q,R46
7616,9/14/2025 10:17am,4,R142A
7698,9/14/2025 5:27pm,4,R142A
5503,9/14/2025 5:36pm,Q,R46
3510,9/14/2025 6:42pm,C,R211A
3279,9/15/2025 6:06pm,A,R179
3293,9/15/2025 9:33pm,A,R179
4333,9/15/2025 9:50pm,C,R211A
3185,9/17/2025 1:22pm,C,R179
3418,9/17/2025 1:37pm,B,R211A
3522,9/17/2025 4:02pm,G,R211A
4209,9/17/2025 4:18pm,C,R211A
4307,9/17/2025 4:46pm,C,R211A
4121,9/18/2025 8:19am,A,R211A
4215,9/18/2025 12:58pm,A,R211A
3319,9/18/2025 4:54pm,A,R179
9470,9/18/2025 4:59pm,F,R160
3298,9/19/2025 4:11pm,A,R179
3401,9/19/2025 9:27pm,A,R211A
3264,9/20/2025 8:05am,A,R179
6943,9/20/2025 12:03pm,5,R142
7042,9/20/2025 12:11pm,5,R142
4183,9/20/2025 12:48pm,A,R211A
4498,9/20/2025 4:26pm,A,R211A
3237,9/20/2025 7:43pm,C,R179
3500,9/21/2025 9:32am,A,R211A
9318,9/21/2025 10:04am,E,R160
8811,9/21/2025 12:54pm,F,R160
4333,9/21/2025 1:26pm,A,R211A
4375,9/21/2025 2:27pm,C,R211A
2919,9/21/2025 2:39pm,S,R68
6411,9/21/2025 2:50pm,2,R142
1387,9/21/2025 3:12pm,3,R62
4361,9/23/2025 12:09pm,A,R211A
6478,9/23/2025 12:38pm,5,R142
2103,9/23/2025 12:49pm,6,R62A
1765,9/23/2025 1:15pm,6,R62A
7155,9/23/2025 1:35pm,4,R142
4138,9/23/2025 1:44pm,A,R211A
3231,9/23/2025 5:36pm,C,R179
3176,9/23/2025 5:59pm,C,R179
4416,9/25/2025 9:26am,A,R211A
5595,9/25/2025 9:47am,N,R46
5635,9/25/2025 10:13am,N,R46
9520,9/25/2025 11:05am,E,R160
3203,9/25/2025 11:29am,C,R179
3203,9/25/2025 2:38pm,C,R179
3106,9/25/2025 2:47pm,J,R179
8595,9/25/2025 2:58pm,M,R160
8571,9/25/2025 4:02pm,M,R160
8202,9/25/2025 4:27pm,J,R143
4122,9/25/2025 4:48pm,C,R211A
3405,9/25/2025 6:26pm,C,R211A
4313,9/25/2025 7:01pm,C,R211A
3228,9/26/2025 8:34am,C,R179
2920,9/26/2025 8:39am,S,R68
6581,9/26/2025 8:53am,2,R142
6561,9/26/2025 9:50am,5,R142
2921,9/26/2025 10:03am,S,R68
4406,9/26/2025 10:15am,C,R211A
3148,9/27/2025 10:49am,C,R179
9128,9/27/2025 11:04am,F,R160
9542,9/27/2025 2:24pm,F,R160
4345,9/27/2025 2:30pm,C,R211A
4382,9/27/2025 5:14pm,A,R211A
4149,9/27/2025 5:55pm,C,R211A
1783,9/27/2025 9:07pm,6,R62A
8906,9/27/2025 9:27pm,F,R160
3408,9/27/2025 9:40pm,C,R211A
4369,10/2/2025 8:12am,C,R211A
3419,10/2/2025 8:21am,G,R211A
9017,10/2/2025 8:41am,F,R160
3178,10/2/2025 8:49am,C,R179
3214,10/2/2025 8:34pm,C,R179
4198,10/2/2025 9:11pm,C,R211A
4497,10/3/2025 10:12am,A,R211A
6933,10/3/2025 10:19am,5,R142
2133,10/3/2025 11:11am,6,R62A
1223,10/3/2025 1:55pm,4,R142
3404,10/3/2025 2:24pm,A,R211A
4265,10/4/2025 3:48pm,C,R211A
3200,10/4/2025 7:27pm,C,R179
4091,10/5/2025 6:38pm,A,R211A
3308,10/7/2025 8:24pm,A,R179
8765,10/7/2025 8:28pm,F,R160
7663,10/7/2025 11:38pm,4,R142A
4273,10/7/2025 11:53pm,A,R211A
4293,10/10/2025 11:13pm,A,R211A
4444,10/11/2025 2:25pm,C,R211A
3281,10/11/2025 6:40pm,A,R179
4411,10/12/2025 7:39am,A,R211A
8590,10/12/2025 7:56am,J,R160
4329,10/14/2025 10:45pm,A,R211A
4438,10/14/2025 11:25pm,A,R211A
3229,10/16/2025 6:10pm,C,R179
3208,10/16/2025 7:01pm,C,R179
6923,10/17/2025 8:38am,2,R142
6359,10/17/2025 10:47am,5,R142
2921,10/17/2025 11:05am,S,R68
3192,10/17/2025 11:11am,C,R179
4375,10/17/2025 12:10pm,C,R211A
2918,10/17/2025 12:20pm,S,R68
6514,10/17/2025 12:33pm,2,R142
6789,10/17/2025 1:34pm,5,R142
4187,10/17/2025 1:51pm,C,R211A
2868,10/17/2025 5:39pm,B,R68
8638,10/17/2025 6:53pm,J,R160
6439,10/17/2025 10:39pm,2,R142
6552,10/18/2025 8:12am,2,R142
1497,10/18/2025 9:37am,3,R62
3180,10/18/2025 12:12pm,C,R179
5887,10/18/2025 7:08pm,Q,R46
3203,10/18/2025 7:54pm,C,R179
9506,10/19/2025 10:57am,F,R160
6639,10/19/2025 12:13pm,2,R142
6638,10/19/2025 12:18pm,2,R142
6543,10/19/2025 2:36pm,2,R142
2918,10/19/2025 2:58pm,S,R68
6368,10/19/2025 7:00pm,2,R142
2921,10/19/2025 7:19pm,S,R68
4160,10/19/2025 7:21pm,C,R211A
6427,10/20/2025 9:33pm,2,R142
2921,10/20/2025 9:41pm,S,R68
4466,10/20/2025 9:50pm,C,R211A
6682,10/21/2025 4:16pm,2,R142
3429,10/21/2025 5:20pm,G,R211A
3547,10/21/2025 5:51pm,G,R211A
6902,10/22/2025 11:55am,2,R142
8974,10/22/2025 1:37pm,F,R160
4043,10/22/2025 2:19pm,G,R211T
6604,10/22/2025 6:59pm,2,R142
2918,10/22/2025 7:04pm,S,R68
3213,10/22/2025 7:23pm,C,R179
3158,10/22/2025 8:34pm,C,R179
3272,10/23/2025 12:22am,A,R179
4475,10/23/2025 1:07am,A,R211A
2918,10/23/2025 1:22am,S,R68
1483,10/23/2025 9:46pm,3,R62
7018,10/24/2025 2:34pm,5,R142
3511,10/24/2025 2:53pm,A,R211A
6370,10/24/2025 4:06pm,2,R142
7058,10/24/2025 7:32pm,5,R142
9034,10/24/2025 7:47pm,R,R160
8741,10/24/2025 7:53pm,F,R160
6424,10/25/2025 8:50am,2,R142
6424,10/25/2025 9:17am,2,R142
6513,10/25/2025 9:13pm,2,R142
5924,10/26/2025 8:18am,Q,R46
2919,10/26/2025 8:26am,S,R68
6812,10/27/2025 1:21pm,5,R142
7541,10/27/2025 1:55pm,7,R188
7541,10/27/2025 2:48pm,7,R188
6551,10/27/2025 3:28pm,5,R142
7776,10/27/2025 3:48pm,4,R142A
6776,10/27/2025 4:01pm,2,R142
5723,10/29/2025 9:22pm,Q,R46
5519,10/29/2025 10:29pm,Q,R46
6379,10/30/2025 6:07pm,5,R142
6887,10/30/2025 6:44pm,2,R142
3597,10/31/2025 10:13am,B,R211A
6480,10/31/2025 12:23pm,2,R142
5851,10/31/2025 2:58pm,Q,R46
6776,10/31/2025 5:05pm,2,R142
6999,10/31/2025 6:25pm,5,R142
6337,10/31/2025 10:25pm,2,R142
6305,11/1/2025 9:35am,2,R142
6547,11/1/2025 10:15am,2,R142
5730,11/2/2025 9:38am,Q,R46
3591,11/2/2025 10:44am,G,R211A
9317,11/2/2025 10:52am,F,R160
5681,11/2/2025 11:01am,Q,R46
7035,11/4/2025 1:03pm,5,R142
6370,11/5/2025 8:43pm,2,R142
7042,11/5/2025 9:26pm,2,R142
7084,11/7/2025 4:42pm,5,R142
2679,11/7/2025 4:56pm,D,R68
9208,11/7/2025 5:30pm,F,R160
9132,11/7/2025 8:13pm,F,R160
9827,11/7/2025 8:27pm,R,R160
2849,11/7/2025 8:32pm,B,R68
6517,11/8/2025 2:59pm,2,R142
6678,11/8/2025 6:41pm,2,R142
6412,11/9/2025 9:44am,2,R142
6669,11/9/2025 6:03pm,2,R142
6478,11/9/2025 9:58pm,2,R142
6412,11/10/2025 3:16pm,2,R142
6452,11/10/2025 7:41pm,2,R142
5014,11/11/2025 6:56pm,B,R68A
9383,11/11/2025 7:15pm,F,R160
8518,11/11/2025 10:18pm,J,R160
5600,11/11/2025 10:33pm,Q,R46
6657,11/15/2025 8:53am,2,R142
7088,11/15/2025 6:19pm,2,R142
2701,11/15/2025 6:54pm,D,R68
6548,11/16/2025 6:21pm,2,R142
6986,11/16/2025 9:50pm,2,R142
6592,11/20/2025 1:59pm,2,R142
6819,11/20/2025 2:47pm,5,R142
7009,11/20/2025 3:04pm,2,R142
9487,11/22/2025 11:23am,R,R160
1568,11/22/2025 11:43am,3,R62
6463,11/22/2025 11:59am,2,R142
5075,11/24/2025 7:44pm,B,R68A
2847,11/24/2025 8:21pm,B,R68
6971,11/26/2025 10:10am,5,R142
3422,11/26/2025 10:30am,B,R211A
3642,11/26/2025 10:51am,B,R211A
6334,11/27/2025 4:10pm,2,R142
6677,11/28/2025 7:55am,5,R142
6688,11/28/2025 2:05pm,5,R142
6557,11/29/2025 9:57am,2,R142
5730,11/29/2025 10:37am,Q,R46
6333,11/29/2025 10:56am,2,R142
6592,11/29/2025 12:45pm,2,R142
6710,11/29/2025 1:29pm,2,R142
6842,12/2/2025 10:12am,2,R142
9181,12/2/2025 10:37am,R,R160
8924,12/2/2025 11:09am,R,R160
6504,12/2/2025 11:21am,5,R142
3536,12/4/2025 10:13am,B,R211A
5631,12/4/2025 10:47am,W,R46
5526,12/4/2025 11:07am,W,R46
2858,12/4/2025 11:25am,B,R68
6728,12/5/2025 5:41pm,2,R142
6528,12/7/2025 9:12am,2,R142
1523,12/7/2025 9:50am,3,R62
9561,12/7/2025 10:49am,R,R160
1980,12/7/2025 11:08am,6,R62A
2061,12/7/2025 11:21am,6,R62A
1159,12/7/2025 11:29am,4,R142
6557,12/7/2025 11:52am,2,R142
6459,12/7/2025 12:26pm,2,R142
6558,12/7/2025 7:36pm,2,R142
6493,12/7/2025 9:51pm,2,R142
6942,12/9/2025 8:56am,5,R142
6598,12/9/2025 9:21am,2,R142
6392,12/10/2025 7:07am,5,R142
6498,12/10/2025 12:46pm,5,R142
7068,12/12/2025 7:00pm,5,R142
5826,12/13/2025 11:07am,Q,R46
8346,12/13/2025 11:36am,L,R160
5668,12/13/2025 1:56pm,N,R46
1188,12/13/2025 2:05pm,4,R142
6593,12/13/2025 2:32pm,2,R142
6454,12/13/2025 5:47pm,2,R142
5133,12/13/2025 6:42pm,Q,R68A
1654,12/13/2025 8:54pm,6,R62A
1129,12/13/2025 8:57pm,4,R142
6460,12/13/2025 9:26pm,2,R142
6604,12/14/2025 4:11pm,2,R142
7040,12/15/2025 3:48pm,5,R142
6312,12/15/2025 4:51pm,5,R142
6516,12/16/2025 11:59am,2,R142
6652,12/16/2025 4:17pm,5,R142
6458,12/16/2025 4:25pm,2,R142
5647,12/18/2025 9:38am,Q,R46
9042,12/18/2025 9:53am,R,R160
9774,12/18/2025 9:59am,F,R160
6773,12/18/2025 10:26am,2,R142
6453,12/18/2025 10:51am,2,R142
1721,12/19/2025 6:24pm,6,R62A
8321,12/19/2025 9:50pm,J,R160
8553,12/19/2025 9:58pm,J,R160
5009,12/19/2025 10:15pm,Q,R68A
6709,12/20/2025 5:48pm,2,R142
2922,12/20/2025 6:03pm,S,R68
3202,12/20/2025 6:17pm,C,R179
4354,12/20/2025 6:47pm,C,R211A
9324,12/20/2025 6:57pm,F,R160
8554,12/20/2025 11:15pm,J,R160
5069,12/20/2025 11:22pm,Q,R68A
2579,12/21/2025 11:53am,D,R68
6390,12/21/2025 12:10pm,2,R142
5142,12/27/2025 5:39pm,N,R68A
1924,12/27/2025 5:54pm,6,R62A
8930,12/27/2025 6:40pm,R,R160
7770,12/27/2025 10:33pm,4,R142A
5816,12/27/2025 10:48pm,Q,R46
6609,12/28/2025 11:54am,2,R142
6655,12/28/2025 12:44pm,2,R142
6488,12/28/2025 2:51pm,2,R142
2781,12/28/2025 3:08pm,D,R68
8699,12/28/2025 3:24pm,F,R160
8561,12/28/2025 6:07pm,J,R160
3453,12/28/2025 6:22pm,G,R211A
6601,12/28/2025 6:40pm,2,R142
6987,12/29/2025 7:12am,5,R142
6946,12/29/2025 12:40pm,2,R142
6622,12/29/2025 6:04pm,2,R142
4398,12/29/2025 6:44pm,A,R211A
2669,12/29/2025 7:45pm,D,R68
2774,12/29/2025 10:07pm,D,R68
4432,12/29/2025 10:38pm,A,R211A
6025,12/29/2025 11:23pm,Q,R46
6543,1/3/2026 10:33am,5,R142
6550,1/3/2026 10:40am,5,R142
6825,1/5/2026 9:13am,2,R142
6853,1/5/2026 2:25pm,5,R142
6936,1/6/2026 10:46am,5,R142
6523,1/6/2026 1:12pm,5,R142
2084,1/6/2026 1:44pm,6,R62A
6988,1/6/2026 4:20pm,5,R142
5073,1/8/2026 6:09pm,B,R68A
8474,1/8/2026 6:44pm,M,R160
8340,1/8/2026 9:19pm,J,R160
6460,1/8/2026 9:31pm,2,R142
6374,1/9/2026 11:48am,2,R142
6542,1/9/2026 4:00pm,2,R142
5531,1/10/2026 11:35am,Q,R46
2505,1/10/2026 12:54pm,D,R68
5799,1/10/2026 8:38pm,Q,R46
8594,1/10/2026 8:57pm,J,R160
9974,1/10/2026 11:31pm,J,R160
5090,1/10/2026 11:37pm,Q,R68A
5025,1/11/2026 10:07am,Q,R68A
9953,1/11/2026 10:30am,J,R160
8419,1/11/2026 12:47pm,J,R160
5061,1/11/2026 12:53pm,Q,R68A
6807,1/13/2026 7:58am,5,R142
6924,1/13/2026 9:50am,5,R142
6379,1/14/2026 5:51pm,5,R142
9107,1/14/2026 6:22pm,R,R160
9793,1/14/2026 6:27pm,F,R160
9676,1/14/2026 6:33pm,F,R160
9415,1/14/2026 8:56pm,F,R160
9359,1/14/2026 9:03pm,R,R160
6551,1/14/2026 9:11pm,2,R142
3422,1/16/2026 6:08pm,B,R211A
8593,1/16/2026 6:32pm,M,R160
3076,1/16/2026 8:27pm,M,R179
3527,1/16/2026 8:34pm,B,R211A
5017,1/17/2026 3:17pm,Q,R68A
6581,1/17/2026 11:00pm,2,R142
6703,1/18/2026 12:09am,2,R142
6888,1/21/2026 5:53pm,2,R142
9415,1/21/2026 6:21pm,R,R160
9815,1/21/2026 6:31pm,F,R160
6658,1/21/2026 10:20pm,2,R142
6337,1/23/2026 6:10pm,2,R142
1124,1/23/2026 9:16pm,4,R142
7017,1/23/2026 9:41pm,2,R142
6528,1/26/2026 12:37pm,2,R142
6522,1/26/2026 1:17pm,5,R142
6961,1/28/2026 10:13am,2,R142
7056,1/28/2026 10:50am,2,R142
6844,1/28/2026 7:30pm,5,R142
8871,1/28/2026 9:55pm,F,R160
8796,1/28/2026 10:04pm,R,R160
5717,1/28/2026 10:10pm,Q,R46
6489,1/29/2026 9:40am,5,R142
6702,1/29/2026 10:26am,5,R142
6490,1/29/2026 7:04pm,2,R142
7127,1/29/2026 7:42pm,4,R142
8314,1/29/2026 8:14pm,L,R160
3421,1/29/2026 8:40pm,G,R211A
6570,1/29/2026 9:01pm,2,R142
6488,1/30/2026 6:27pm,2,R142
6454,1/30/2026 9:35pm,2,R142
6338,1/31/2026 9:10am,2,R142
5498,1/31/2026 10:09am,Q,R46
2798,2/1/2026 8:24am,Q,R68
8459,2/1/2026 8:49am,J,R160
8511,2/1/2026 11:57am,J,R160
6574,2/1/2026 12:04pm,2,R142
2799,2/1/2026 4:06pm,Q,R68
9190,2/1/2026 4:38pm,R,R160
9660,2/1/2026 8:08pm,R,R160
5735,2/1/2026 8:30pm,Q,R46
6495,2/4/2026 5:24pm,5,R142
2920,2/4/2026 5:57pm,S,R68
3161,2/4/2026 6:04pm,C,R179
9035,2/4/2026 6:15pm,F,R160
9460,2/4/2026 8:23pm,F,R160
8664,2/4/2026 8:29pm,R,R160
3568,2/4/2026 8:35pm,B,R211A
6540,2/5/2026 8:38am,2,R142
6871,2/5/2026 8:48am,5,R142
7827,2/5/2026 9:19am,7,R188
7573,2/5/2026 10:14am,7,R188
1709,2/5/2026 10:50am,6,R62A
6982,2/5/2026 11:03am,5,R142
6599,2/5/2026 6:06pm,2,R142
4430,2/5/2026 7:10pm,A,R211A
9154,2/5/2026 7:24pm,F,R160
9433,2/5/2026 9:53pm,F,R160
4358,2/5/2026 10:03pm,C,R211A
7019,2/5/2026 10:43pm,2,R142
5496,2/7/2026 4:36pm,Q,R46
5736,2/7/2026 5:08pm,Q,R46
5543,2/7/2026 7:58pm,Q,R46
6709,2/8/2026 9:03am,2,R142
6656,2/8/2026 11:58am,2,R142
5028,2/9/2026 7:32pm,Q,R68A
8380,2/9/2026 10:10pm,J,R160
5579,2/9/2026 10:12pm,Q,R46
6313,2/12/2026 5:25pm,2,R142
9611,2/12/2026 6:16pm,F,R160
9595,2/12/2026 9:21pm,F,R160
9084,2/12/2026 9:27pm,R,R160
7096,2/12/2026 9:35pm,2,R142
6327,2/13/2026 8:02am,2,R142
6305,2/16/2026 3:28am,2,R142
2803,2/17/2026 6:37pm,Q,R68
7644,2/17/2026 6:47pm,4,R142A
6981,2/17/2026 10:33pm,2,R142
5659,2/19/2026 6:11pm,Q,R46
5101,2/19/2026 9:42pm,Q,R68A
6390,2/20/2026 7:21pm,5,R142
6443,2/20/2026 8:16pm,2,R142
6504,2/21/2026 6:06pm,2,R142
1145,2/21/2026 6:14pm,4,R142
9146,2/21/2026 6:24pm,R,R160
8757,2/21/2026 6:38pm,F,R160
8408,2/21/2026 9:11pm,J,R160
5673,2/21/2026 9:14pm,Q,R46
6522,2/22/2026 12:22pm,2,R142
1518,2/22/2026 1:02pm,3,R62
5012,2/22/2026 2:15pm,N,R68A
9076,2/22/2026 2:47pm,F,R160
2716,2/22/2026 3:18pm,D,R68
6656,2/22/2026 3:39pm,2,R142
5653,2/28/2026 9:26am,Q,R46
5482,2/28/2026 10:33am,Q,R46
5677,3/1/2026 9:38am,Q,R46
5589,3/1/2026 1:17pm,Q,R46
6612,3/1/2026 8:23pm,2,R142
5703,3/4/2026 5:49pm,Q,R46
8812,3/4/2026 6:06pm,R,R160
8674,3/4/2026 6:14pm,F,R160
9130,3/4/2026 7:58pm,F,R160
9145,3/4/2026 8:03pm,R,R160
3713,3/4/2026 8:09pm,B,R211A
5867,3/6/2026 5:26pm,Q,R46
8793,3/6/2026 5:46pm,R,R160
6455,3/6/2026 10:20pm,2,R142
5541,3/6/2026 10:39pm,Q,R46
5495,3/7/2026 3:14pm,Q,R46
3120,3/7/2026 3:35pm,J,R179
8478,3/7/2026 6:04pm,J,R160
5149,3/7/2026 6:10pm,N,R68A
6314,3/7/2026 6:26pm,2,R142
6424,3/8/2026 7:09pm,2,R142
1179,3/8/2026 7:16pm,4,R142
3051,3/8/2026 7:39pm,J,R179
8471,3/8/2026 10:04pm,J,R160
6492,3/8/2026 10:12pm,2,R142
6732,3/10/2026 2:13pm,5,R142
6373,3/10/2026 6:27pm,5,R142
3547,3/12/2026 6:29pm,B,R211A
8770,3/12/2026 6:53pm,F,R160
3095,3/12/2026 9:14pm,J,R179
5141,3/12/2026 9:27pm,Q,R68A
6841,3/12/2026 9:43pm,2,R142
3478,3/19/2026 6:19pm,B,R211A
9356,3/19/2026 6:58pm,F,R160
8641,3/19/2026 9:42pm,J,R160
6194,3/19/2026 9:57pm,Q,R46
5023,3/20/2026 6:17pm,B,R68A
8382,3/20/2026 6:28pm,M,R160
8386,3/20/2026 10:19pm,J,R160
2848,3/27/2026 8:37pm,Q,R68
5093,3/27/2026 11:28pm,Q,R68A
6867,3/31/2026 7:13pm,5,R142
7077,3/31/2026 7:42pm,2,R142
7077,3/31/2026 7:48pm,2,R142
7049,4/1/2026 8:39am,2,R142
6472,4/1/2026 9:15am,2,R142
6587,4/1/2026 5:08pm,5,R142
6358,4/1/2026 6:02pm,2,R142
5079,4/2/2026 6:20pm,Q,R68A
8446,4/2/2026 6:39pm,J,R160
8339,4/2/2026 9:34pm,J,R160
5701,4/2/2026 9:53pm,N,R46
2697,4/2/2026 10:13pm,D,R68
6438,4/12/2026 2:00pm,2,R142
6618,4/12/2026 4:02pm,2,R142
5765,4/12/2026 4:22pm,Q,R46
2843,4/12/2026 4:48pm,Q,R68
6578,4/13/2026 9:14pm,2,R142
8956,4/13/2026 9:42pm,F,R160
9945,4/13/2026 11:50pm,J,R160
5083,4/13/2026 11:59pm,Q,R68A
3436,4/16/2026 6:18pm,B,R211A
9289,4/16/2026 6:46pm,F,R160
8186,4/16/2026 8:53pm,J,R143
2809,4/16/2026 8:59pm,Q,R68
5523,4/18/2026 4:09pm,Q,R46
8462,4/18/2026 4:38pm,J,R160
8517,4/18/2026 6:53pm,J,R160
5990,4/18/2026 7:03pm,Q,R46
6929,4/23/2026 2:49pm,5,R142
6569,4/23/2026 3:09pm,5,R142
2127,4/23/2026 3:29pm,6,R62A
8632,4/23/2026 4:20pm,M,R160
3085,4/23/2026 6:53pm,J,R179
6429,4/23/2026 7:08pm,5,R142
5572,4/24/2026 7:43pm,Q,R46
5539,4/24/2026 10:24pm,Q,R46
6472,4/25/2026 11:02am,2,R142
2800,4/25/2026 11:24am,Q,R68
9561,4/25/2026 11:28am,F,R160
8478,4/25/2026 2:09pm,J,R160
9485,4/25/2026 2:18pm,R,R160
6666,4/25/2026 2:31pm,2,R142
6701,4/26/2026 11:37am,2,R142
6562,4/26/2026 3:58pm,2,R142
6587,4/30/2026 6:34pm,5,R142
9152,4/30/2026 7:14pm,E,R160
9899,4/30/2026 7:25pm,F,R160
8650,4/30/2026 9:34pm,J,R160
5165,4/30/2026 9:44pm,N,R68A
7006,4/30/2026 9:57pm,2,R142
6430,5/2/2026 9:24am,2,R142
7040,5/2/2026 10:49am,2,R142
6867,5/7/2026 1:51pm,5,R142
6849,5/7/2026 2:28pm,2,R142
6951,5/7/2026 3:56pm,2,R142
8788,5/7/2026 4:55pm,F,R160
9970,5/7/2026 7:24pm,J,R160
5803,5/7/2026 7:30pm,Q,R46
5133,5/13/2026 5:53pm,Q,R68A
3120,5/13/2026 6:17pm,J,R179
9956,5/13/2026 9:22pm,J,R160
2901,5/13/2026 9:32pm,Q,R68
6886,5/14/2026 8:31am,5,R142
6819,5/14/2026 9:36am,5,R142
6816,5/14/2026 1:21pm,5,R142
6913,5/14/2026 4:56pm,5,R142
5079,5/15/2026 8:23am,Q,R68A
6787,5/15/2026 6:51pm,2,R142
9715,5/15/2026 7:22pm,F,R160
3104,5/15/2026 10:06pm,J,R179
5815,5/15/2026 10:12pm,Q,R46
6382,5/16/2026 4:06pm,2,R142
7749,5/16/2026 4:22pm,4,R142A
5035,5/16/2026 7:32pm,Q,R68A
5134,5/17/2026 9:01am,Q,R68A
5076,5/17/2026 12:10pm,Q,R68A
6552,5/19/2026 6:01pm,5,R142
9554,5/19/2026 6:16pm,R,R160
9677,5/19/2026 6:27pm,F,R160
4100,5/19/2026 8:02pm,A,R211A
5068,5/21/2026 6:47pm,B,R68A
8878,5/21/2026 7:09pm,F,R160
8498,5/21/2026 9:19pm,J,R160
6393,5/21/2026 9:28pm,2,R142
6683,5/22/2026 6:27pm,2,R142
6894,5/22/2026 6:58pm,5,R142
5015,5/22/2026 9:52pm,Q,R68A
6681,5/23/2026 10:22am,2,R142
6652,5/23/2026 11:26am,2,R142
6400,5/23/2026 6:45pm,2,R142
8325,5/23/2026 7:16pm,J,R160
9563,5/23/2026 9:35pm,F,R160
6531,5/25/2026 9:56am,2,R142
1381,5/25/2026 10:13am,3,R62
3086,5/25/2026 10:39am,J,R179
3087,5/25/2026 1:18pm,J,R179
1530,5/25/2026 1:25pm,3,R62
6446,5/25/2026 1:56pm,2,R142
6871,5/27/2026 7:27pm,2,R142
6709,5/27/2026 7:56pm,2,R142
3689,5/28/2026 6:17pm,B,R211A
9324,5/28/2026 6:47pm,F,R160
5615,5/28/2026 9:12pm,N,R46
3522,5/29/2026 7:25pm,B,R211A
3688,5/29/2026 7:28pm,B,R211A
3084,5/29/2026 9:51pm,J,R179
5515,5/29/2026 10:05pm,Q,R46
6691,5/31/2026 8:59am,2,R142
2254,5/31/2026 9:50am,1,R62A
1892,5/31/2026 10:09am,1,R62A
5148,5/31/2026 10:21am,Q,R68A
5024,5/31/2026 11:20am,Q,R68A
5934,5/31/2026 12:12pm,Q,R46
6505,6/2/2026 8:59am,5,R142
7119,6/2/2026 11:37am,5,R142
3472,6/4/2026 8:45pm,B,R211A
9065,6/4/2026 9:13pm,F,R160
8155,6/4/2026 11:52pm,J,R143
5849,6/5/2026 12:01am,Q,R46
6717,6/5/2026 7:08pm,5,R142
2119,6/5/2026 7:31pm,6,R62A
8415,6/5/2026 7:41pm,M,R160
9633,6/5/2026 10:04pm,F,R160
6806,6/5/2026 10:47pm,2,R142
6705,6/8/2026 3:51pm,5,R142
7393,6/8/2026 4:25pm,7,R188
7428,6/8/2026 5:36pm,7,R188
3718,6/8/2026 6:22pm,B,R211A
6888,6/10/2026 8:14pm,5,R142
6397,6/10/2026 9:10pm,2,R142
3592,6/11/2026 5:58pm,B,R211A
9898,6/11/2026 9:17pm,F,R160
5067,6/11/2026 9:26pm,B,R68A
3527,6/18/2026 6:29pm,B,R211A
3115,6/18/2026 9:34pm,J,R179
5841,6/18/2026 9:39pm,Q,R46
6352,6/19/2026 5:47pm,2,R142
9296,6/19/2026 6:48pm,F,R160
8599,6/19/2026 9:25pm,J,R160
5839,6/20/2026 6:27pm,Q,R46
9562,6/20/2026 9:22pm,F,R160
9839,6/20/2026 9:30pm,R,R160
6387,6/20/2026 9:43pm,2,R142
6977,6/22/2026 5:26pm,5,R142
2717,6/22/2026 5:41pm,D,R68
9658,6/22/2026 7:59pm,F,R160
6924,6/22/2026 8:12pm,2,R142
7067,6/24/2026 4:50pm,5,R142
6459,6/24/2026 5:24pm,2,R142
6508,6/25/2026 4:26pm,2,R142
6554,6/26/2026 7:44pm,5,R142
6802,6/26/2026 8:21pm,2,R142
9557,6/27/2026 3:18pm,R,R160
9151,6/27/2026 3:32pm,R,R160
2839,6/27/2026 4:06pm,Q,R68
6691,6/27/2026 5:10pm,2,R142
7710,6/27/2026 5:19pm,4,R142A
7692,6/27/2026 8:43pm,4,R142A
6696,6/27/2026 9:12pm,2,R142
3566,6/30/2026 5:52pm,B,R211A
9721,6/30/2026 6:13pm,F,R160
8575,6/30/2026 8:46pm,J,R160
2785,6/30/2026 8:53pm,Q,R68
6441,7/2/2026 6:33pm,5,R142
2810,7/2/2026 9:35pm,Q,R68
2838,7/6/2026 5:26pm,Q,R68
8623,7/6/2026 8:12pm,J,R160
5007,7/6/2026 8:17pm,Q,R68A
6474,7/8/2026 7:11am,5,R142
7880,7/8/2026 7:45am,7,R188
7564,7/8/2026 9:26am,7,R188
8806,7/8/2026 9:38am,E,R160
6581,7/11/2026 7:47pm,2,R142
6344,7/12/2026 7:51am,2,R142
7702,7/12/2026 8:37am,4,R142A
7532,7/12/2026 8:48am,7,R188
7443,7/12/2026 12:05pm,7,R188
5809,7/12/2026 12:33pm,N,R46
6756,7/12/2026 1:06pm,5,R142
1191,7/12/2026 1:30pm,4,R142
6456,7/12/2026 1:58pm,2,R142
5531,7/12/2026 6:20pm,Q,R46
8609,7/12/2026 6:39pm,M,R160
8419,7/12/2026 9:26pm,M,R160
7010,7/12/2026 9:46pm,2,R142
5531,7/19/2026 6:43pm,Q,R46
2781,7/19/2026 11:12pm,Q,R68
3560,7/20/2026 11:10am,B,R211A
6750,7/21/2026 2:37pm,5,R142
6704,7/23/2026 9:29pm,5,R142
6913,7/28/2026 5:35pm,5,R142
9874,7/28/2026 5:57pm,F,R160
8549,7/28/2026 9:00pm,J,R160
5061,7/28/2026 9:05pm,Q,R68A
5145,7/28/2026 9:12pm,Q,R68A
6580,7/29/2026 6:48pm,5,R142
5700,7/29/2026 9:26pm,Q,R46
8957,7/30/2026 7:09pm,F,R160
3111,7/30/2026 9:46pm,J,R179
7016,7/30/2026 6:43pm,5,R142
5175,7/30/2026 9:57pm,Q,R68A
6485,8/6/2026 9:43pm,2,R142
6612,8/6/2026 6:11pm,5,R142
6536,8/6/2026 9:19pm,5,R142
6522,8/8/2026 6:04pm,5,R142
6484,8/8/2026 3:38pm,5,R142
6994,8/9/2026 1:42pm,5,R142
6400,8/9/2026 7:38am,5,R142
5497,8/11/2026 11:43am,Q,R46
3563,8/11/2026 11:55am,B,R211A
9943,8/13/2026 8:22pm,J,R160
3673,8/13/2026 5:35pm,B,R211A
5087,8/13/2026 8:28pm,Q,R68A
8472,8/14/2026 6:30pm,J,R160
2797,8/14/2026 6:02pm,Q,R68
8369,8/14/2026 9:09pm,J,R160
2911,8/14/2026 9:15pm,Q,R68
6311,8/15/2026 12:10pm,5,R142
6651,8/15/2026 7:42pm,5,R142
6495,8/15/2026 3:02pm,5,R142
6433,8/15/2026 12:47pm,5,R142
7780,8/15/2026 7:13pm,4,R142A
6373,8/16/2026 8:25pm,5,R142
6340,8/16/2026 5:22pm,5,R142
